mean_fit_time,std_fit_time,mean_score_time,std_score_time,param_knn__metric,param_knn__n_neighbors,param_knn__weights,param_pca__n_components,params,split0_test_score,split1_test_score,split2_test_score,split3_test_score,split4_test_score,mean_test_score,std_test_score,rank_test_score
0.21309404373168944,0.005083208866270226,3.8137073516845703,0.05302474211833652,euclidean,1,uniform,0.9,"{'knn__metric': 'euclidean', 'knn__n_neighbors': 1, 'knn__weights': 'uniform', 'pca__n_components': 0.9}",0.9765,0.9773333333333334,0.9745833333333334,0.9738333333333333,0.97175,0.9747999999999999,0.001979478045681085,3
0.2173086166381836,0.004543926562655718,5.6225526332855225,0.10747160767696051,euclidean,1,uniform,0.95,"{'knn__metric': 'euclidean', 'knn__n_neighbors': 1, 'knn__weights': 'uniform', 'pca__n_components': 0.95}",0.9735833333333334,0.9750833333333333,0.974,0.9708333333333333,0.9701666666666666,0.9727333333333332,0.0018998537955444,12
0.23740000724792482,0.004048041635425162,10.776773166656493,0.24192765455948645,euclidean,1,uniform,0.99,"{'knn__metric': 'euclidean', 'knn__n_neighbors': 1, 'knn__weights': 'uniform', 'pca__n_components': 0.99}",0.973,0.9729166666666667,0.9718333333333333,0.9681666666666666,0.9686666666666667,0.9709166666666667,0.00208832734769028,24
0.20613245964050292,0.009570583894478932,3.880608558654785,0.029202358206908564,euclidean,1,distance,0.9,"{'knn__metric': 'euclidean', 'knn__n_neighbors': 1, 'knn__weights': 'distance', 'pca__n_components': 0.9}",0.9765,0.9773333333333334,0.9745833333333334,0.9738333333333333,0.97175,0.9747999999999999,0.001979478045681085,3
0.2017268180847168,0.0031566999093166383,5.810793161392212,0.04323727895085839,euclidean,1,distance,0.95,"{'knn__metric': 'euclidean', 'knn__n_neighbors': 1, 'knn__weights': 'distance', 'pca__n_components': 0.95}",0.9735833333333334,0.9750833333333333,0.974,0.9708333333333333,0.9701666666666666,0.9727333333333332,0.0018998537955444,12
0.22102594375610352,0.00278737816232248,10.716056966781617,0.16773930104803383,euclidean,1,distance,0.99,"{'knn__metric': 'euclidean', 'knn__n_neighbors': 1, 'knn__weights': 'distance', 'pca__n_components': 0.99}",0.973,0.9729166666666667,0.9718333333333333,0.9681666666666666,0.9686666666666667,0.9709166666666667,0.00208832734769028,24
0.18855667114257812,0.001737953863627875,3.873298978805542,0.040287113447112416,euclidean,3,uniform,0.9,"{'knn__metric': 'euclidean', 'knn__n_neighbors': 3, 'knn__weights': 'uniform', 'pca__n_components': 0.9}",0.9755,0.9763333333333334,0.9755833333333334,0.97275,0.9725833333333334,0.97455,0.001565779890874419,6
0.19745416641235353,0.0021618524715053848,5.69467134475708,0.08072695226618604,euclidean,3,uniform,0.95,"{'knn__metric': 'euclidean', 'knn__n_neighbors': 3, 'knn__weights': 'uniform', 'pca__n_components': 0.95}",0.9738333333333333,0.9765,0.9738333333333333,0.9719166666666667,0.9705833333333334,0.9733333333333334,0.0020048552178260834,9
0.21552958488464355,0.0031696573994550114,10.283135747909546,0.1501641077541446,euclidean,3,uniform,0.99,"{'knn__metric': 'euclidean', 'knn__n_neighbors': 3, 'knn__weights': 'uniform', 'pca__n_components': 0.99}",0.97225,0.9734166666666667,0.97275,0.9689166666666666,0.9689166666666666,0.9712500000000001,0.0019407902170679647,20
0.18995184898376466,0.0026265287748637673,3.7871447563171388,0.0717002517275713,euclidean,3,distance,0.9,"{'knn__metric': 'euclidean', 'knn__n_neighbors': 3, 'knn__weights': 'distance', 'pca__n_components': 0.9}",0.9771666666666666,0.97725,0.9769166666666667,0.974,0.9736666666666667,0.9757999999999999,0.0016129682782580125,1
0.19286623001098632,0.0050511951554706854,5.511277151107788,0.04401381818443397,euclidean,3,distance,0.95,"{'knn__metric': 'euclidean', 'knn__n_neighbors': 3, 'knn__weights': 'distance', 'pca__n_components': 0.95}",0.976,0.9775,0.9755,0.97325,0.9715833333333334,0.9747666666666668,0.002095895459649126,5
0.210451078414917,0.006188777891237201,10.067224216461181,0.23048715378633544,euclidean,3,distance,0.99,"{'knn__metric': 'euclidean', 'knn__n_neighbors': 3, 'knn__weights': 'distance', 'pca__n_components': 0.99}",0.9739166666666667,0.9744166666666667,0.9743333333333334,0.9696666666666667,0.9696666666666667,0.9724,0.002238178823160582,15
0.18957023620605468,0.0027055138731524337,3.770026445388794,0.04151785214714411,euclidean,5,uniform,0.9,"{'knn__metric': 'euclidean', 'knn__n_neighbors': 5, 'knn__weights': 'uniform', 'pca__n_components': 0.9}",0.97475,0.9761666666666666,0.9745833333333334,0.9711666666666666,0.9725,0.9738333333333333,0.0017740412120980237,8
0.19789881706237794,0.0034417061996002965,5.627852249145508,0.07975638115057784,euclidean,5,uniform,0.95,"{'knn__metric': 'euclidean', 'knn__n_neighbors': 5, 'knn__weights': 'uniform', 'pca__n_components': 0.95}",0.9720833333333333,0.9743333333333334,0.97275,0.96925,0.9695,0.9715833333333332,0.001947220240924674,18
0.20995445251464845,0.004356579661893971,10.260422897338866,0.12545070453852944,euclidean,5,uniform,0.99,"{'knn__metric': 'euclidean', 'knn__n_neighbors': 5, 'knn__weights': 'uniform', 'pca__n_components': 0.99}",0.96975,0.9720833333333333,0.9710833333333333,0.9670833333333333,0.9675,0.9695,0.0019536291016123367,32
0.1931623935699463,0.0007192613243329456,3.807442378997803,0.03720369579266363,euclidean,5,distance,0.9,"{'knn__metric': 'euclidean', 'knn__n_neighbors': 5, 'knn__weights': 'distance', 'pca__n_components': 0.9}",0.97675,0.9776666666666667,0.9766666666666667,0.9725833333333334,0.9733333333333334,0.9754000000000002,0.00203810914547991,2
0.1992575168609619,0.0028846926267330356,5.762313413619995,0.06880851812892741,euclidean,5,distance,0.95,"{'knn__metric': 'euclidean', 'knn__n_neighbors': 5, 'knn__weights': 'distance', 'pca__n_components': 0.95}",0.9734166666666667,0.9755833333333334,0.9743333333333334,0.9708333333333333,0.9703333333333334,0.9728999999999999,0.0020189381147303976,10
0.21853923797607422,0.004465343664609682,10.236313819885254,0.08719849328490162,euclidean,5,distance,0.99,"{'knn__metric': 'euclidean', 'knn__n_neighbors': 5, 'knn__weights': 'distance', 'pca__n_components': 0.99}",0.9715,0.97325,0.9729166666666667,0.9685833333333334,0.9684166666666667,0.9709333333333333,0.002072572207561283,23
0.19236154556274415,0.003051527392361037,3.8290858268737793,0.05452215749573413,euclidean,7,uniform,0.9,"{'knn__metric': 'euclidean', 'knn__n_neighbors': 7, 'knn__weights': 'uniform', 'pca__n_components': 0.9}",0.9734166666666667,0.97525,0.97425,0.9696666666666667,0.9708333333333333,0.9726833333333333,0.0021025117254263952,14
0.19972600936889648,0.002193439497088627,5.676977968215942,0.05844398852646977,euclidean,7,uniform,0.95,"{'knn__metric': 'euclidean', 'knn__n_neighbors': 7, 'knn__weights': 'uniform', 'pca__n_components': 0.95}",0.97125,0.97325,0.9719166666666667,0.9666666666666667,0.968,0.9702166666666667,0.0024768932153001505,29
0.21744980812072753,0.003341001107671928,10.557360410690308,0.12281938500340454,euclidean,7,uniform,0.99,"{'knn__metric': 'euclidean', 'knn__n_neighbors': 7, 'knn__weights': 'uniform', 'pca__n_components': 0.99}",0.9698333333333333,0.971,0.9705,0.9665,0.9666666666666667,0.9689,0.0019281539818639332,35
0.19599146842956544,0.0036291431344338985,3.954229211807251,0.043064399538143394,euclidean,7,distance,0.9,"{'knn__metric': 'euclidean', 'knn__n_neighbors': 7, 'knn__weights': 'distance', 'pca__n_components': 0.9}",0.9748333333333333,0.9768333333333333,0.9753333333333334,0.9713333333333334,0.9715833333333334,0.9739833333333333,0.0021656407827707605,7
0.19518442153930665,0.0019121202114487387,5.903300333023071,0.0580090270798907,euclidean,7,distance,0.95,"{'knn__metric': 'euclidean', 'knn__n_neighbors': 7, 'knn__weights': 'distance', 'pca__n_components': 0.95}",0.9728333333333333,0.97425,0.9738333333333333,0.96775,0.96925,0.9715833333333335,0.0026028830169640724,17
0.21629776954650878,0.005568603321037743,11.154195547103882,0.25718885039618,euclidean,7,distance,0.99,"{'knn__metric': 'euclidean', 'knn__n_neighbors': 7, 'knn__weights': 'distance', 'pca__n_components': 0.99}",0.9714166666666667,0.9723333333333334,0.9720833333333333,0.9675,0.9679166666666666,0.9702500000000001,0.002100925721887595,28
0.19678645133972167,0.001790860479628183,4.045443344116211,0.08035067667345466,euclidean,9,uniform,0.9,"{'knn__metric': 'euclidean', 'knn__n_neighbors': 9, 'knn__weights': 'uniform', 'pca__n_components': 0.9}",0.97275,0.9735,0.9730833333333333,0.9686666666666667,0.9703333333333334,0.9716666666666667,0.0018611525700191424,16
0.1971308708190918,0.003086348054705346,6.063739156723022,0.08850726590587092,euclidean,9,uniform,0.95,"{'knn__metric': 'euclidean', 'knn__n_neighbors': 9, 'knn__weights': 'uniform', 'pca__n_components': 0.95}",0.9705,0.97125,0.9710833333333333,0.9664166666666667,0.9663333333333334,0.9691166666666666,0.0022525294424021952,34
0.21393566131591796,0.0028384570986933404,10.795481729507447,0.21482137622382624,euclidean,9,uniform,0.99,"{'knn__metric': 'euclidean', 'knn__n_neighbors': 9, 'knn__weights': 'uniform', 'pca__n_components': 0.99}",0.96825,0.9699166666666666,0.9685833333333334,0.9660833333333333,0.9648333333333333,0.9675333333333332,0.001826958614139308,39
0.19573063850402833,0.0021419727334251216,4.023124837875367,0.03245117466314649,euclidean,9,distance,0.9,"{'knn__metric': 'euclidean', 'knn__n_neighbors': 9, 'knn__weights': 'distance', 'pca__n_components': 0.9}",0.9740833333333333,0.9746666666666667,0.9744166666666667,0.9698333333333333,0.971,0.9728,0.00198927680884845,11
0.19936685562133788,0.0024967831324089244,5.805089044570923,0.03548619153305491,euclidean,9,distance,0.95,"{'knn__metric': 'euclidean', 'knn__n_neighbors': 9, 'knn__weights': 'distance', 'pca__n_components': 0.95}",0.9721666666666666,0.97275,0.973,0.9671666666666666,0.96775,0.9705666666666666,0.0025589711474210395,26
0.2181321620941162,0.004517796642641291,7.867120265960693,0.4492266055280797,euclidean,9,distance,0.99,"{'knn__metric': 'euclidean', 'knn__n_neighbors': 9, 'knn__weights': 'distance', 'pca__n_components': 0.99}",0.9696666666666667,0.9715,0.9705,0.96625,0.9665,0.9688833333333333,0.0021302060411560546,36
0.19891824722290039,0.002429001723535818,16.96522898674011,0.09380250065105265,manhattan,1,uniform,0.9,"{'knn__metric': 'manhattan', 'knn__n_neighbors': 1, 'knn__weights': 'uniform', 'pca__n_components': 0.9}",0.97275,0.9738333333333333,0.9711666666666666,0.9693333333333334,0.9685,0.9711166666666665,0.002003885115358535,21
0.2127324104309082,0.0010996655632594151,33.375893688201906,0.04877430301525699,manhattan,1,uniform,0.95,"{'knn__metric': 'manhattan', 'knn__n_neighbors': 1, 'knn__weights': 'uniform', 'pca__n_components': 0.95}",0.9661666666666666,0.9681666666666666,0.9650833333333333,0.9631666666666666,0.9629166666666666,0.9651,0.001951779814539649,43
0.23966064453125,0.004807221503644743,91.07279934883118,0.35871648569632,manhattan,1,uniform,0.99,"{'knn__metric': 'manhattan', 'knn__n_neighbors': 1, 'knn__weights': 'uniform', 'pca__n_components': 0.99}",0.95725,0.9590833333333333,0.95575,0.95025,0.9568333333333333,0.9558333333333333,0.002991655060330297,52
0.2107912063598633,0.007392149772953655,16.94771776199341,0.040926551680567476,manhattan,1,distance,0.9,"{'knn__metric': 'manhattan', 'knn__n_neighbors': 1, 'knn__weights': 'distance', 'pca__n_components': 0.9}",0.97275,0.9738333333333333,0.9711666666666666,0.9693333333333334,0.9685,0.9711166666666665,0.002003885115358535,21
0.21086783409118653,0.0031473308170975158,33.61026296615601,0.06868484571058604,manhattan,1,distance,0.95,"{'knn__metric': 'manhattan', 'knn__n_neighbors': 1, 'knn__weights': 'distance', 'pca__n_components': 0.95}",0.9661666666666666,0.9681666666666666,0.9650833333333333,0.9631666666666666,0.9629166666666666,0.9651,0.001951779814539649,43
0.23799214363098145,0.004517790409459198,91.94176664352418,0.3378524730720203,manhattan,1,distance,0.99,"{'knn__metric': 'manhattan', 'knn__n_neighbors': 1, 'knn__weights': 'distance', 'pca__n_components': 0.99}",0.95725,0.9590833333333333,0.95575,0.95025,0.9568333333333333,0.9558333333333333,0.002991655060330297,52
0.21070728302001954,0.0029991078902832295,17.214199352264405,0.029316040359317744,manhattan,3,uniform,0.9,"{'knn__metric': 'manhattan', 'knn__n_neighbors': 3, 'knn__weights': 'uniform', 'pca__n_components': 0.9}",0.9709166666666667,0.9725,0.9704166666666667,0.9688333333333333,0.9675,0.9700333333333335,0.0017244967059663805,30
0.21941924095153809,0.007649768073164403,33.81032018661499,0.05708053160097026,manhattan,3,uniform,0.95,"{'knn__metric': 'manhattan', 'knn__n_neighbors': 3, 'knn__weights': 'uniform', 'pca__n_components': 0.95}",0.9661666666666666,0.9669166666666666,0.9644166666666667,0.9633333333333334,0.96275,0.9647166666666667,0.001600867820208061,45
0.2405613899230957,0.004669759639974361,93.04498682022094,0.3111108167668932,manhattan,3,uniform,0.99,"{'knn__metric': 'manhattan', 'knn__n_neighbors': 3, 'knn__weights': 'uniform', 'pca__n_components': 0.99}",0.9549166666666666,0.9573333333333334,0.9540833333333333,0.9539166666666666,0.954,0.9548500000000001,0.001292499731356116,55
0.21148171424865722,0.0014657923332875482,17.529106426239014,0.05115103799073046,manhattan,3,distance,0.9,"{'knn__metric': 'manhattan', 'knn__n_neighbors': 3, 'knn__weights': 'distance', 'pca__n_components': 0.9}",0.9726666666666667,0.97375,0.9723333333333334,0.9694166666666667,0.9690833333333333,0.9714500000000001,0.0018593607025594184,19
0.2228099822998047,0.0038536253381683365,34.44896125793457,0.07056688405464193,manhattan,3,distance,0.95,"{'knn__metric': 'manhattan', 'knn__n_neighbors': 3, 'knn__weights': 'distance', 'pca__n_components': 0.95}",0.9678333333333333,0.9686666666666667,0.9658333333333333,0.96475,0.9643333333333334,0.9662833333333334,0.0016993462795374438,41
0.24717626571655274,0.008223995468171092,94.01632370948792,0.4376548535538371,manhattan,3,distance,0.99,"{'knn__metric': 'manhattan', 'knn__n_neighbors': 3, 'knn__weights': 'distance', 'pca__n_components': 0.99}",0.9576666666666667,0.95875,0.95625,0.9546666666666667,0.9564166666666667,0.9567499999999999,0.0013814243856734671,51
0.22077555656433107,0.00584061366353654,17.790466785430908,0.021796992989897325,manhattan,5,uniform,0.9,"{'knn__metric': 'manhattan', 'knn__n_neighbors': 5, 'knn__weights': 'uniform', 'pca__n_components': 0.9}",0.96975,0.9715,0.9696666666666667,0.9671666666666666,0.9678333333333333,0.9691833333333333,0.0015369522511198244,33
0.22270078659057618,0.0030613953931784618,34.61861248016358,0.07731651223525635,manhattan,5,uniform,0.95,"{'knn__metric': 'manhattan', 'knn__n_neighbors': 5, 'knn__weights': 'uniform', 'pca__n_components': 0.95}",0.9640833333333333,0.96525,0.9639166666666666,0.9606666666666667,0.9615833333333333,0.9631000000000001,0.0017016332024133662,47
0.24295330047607422,0.00943554145514137,95.31716508865357,0.529470373093565,manhattan,5,uniform,0.99,"{'knn__metric': 'manhattan', 'knn__n_neighbors': 5, 'knn__weights': 'uniform', 'pca__n_components': 0.99}",0.9536666666666667,0.9549166666666666,0.9546666666666667,0.9515833333333333,0.9511666666666667,0.9532,0.0015533118739576132,56
0.21861281394958496,0.0034215218798604105,17.812828540802002,0.06908572490940722,manhattan,5,distance,0.9,"{'knn__metric': 'manhattan', 'knn__n_neighbors': 5, 'knn__weights': 'distance', 'pca__n_components': 0.9}",0.9711666666666666,0.9723333333333334,0.97175,0.9686666666666667,0.9689166666666666,0.9705666666666666,0.0014975906576156946,26
0.22288665771484376,0.004231848215203655,35.1696120262146,0.05345041060288839,manhattan,5,distance,0.95,"{'knn__metric': 'manhattan', 'knn__n_neighbors': 5, 'knn__weights': 'distance', 'pca__n_components': 0.95}",0.9666666666666667,0.96675,0.96725,0.9619166666666666,0.96375,0.9652666666666667,0.0020792626898334457,42
0.24853506088256835,0.003970764729579976,98.35868606567382,0.39854976544189524,manhattan,5,distance,0.99,"{'knn__metric': 'manhattan', 'knn__n_neighbors': 5, 'knn__weights': 'distance', 'pca__n_components': 0.99}",0.957,0.957,0.95675,0.9521666666666667,0.954,0.9553833333333334,0.001967513941783136,54
0.2235553741455078,0.004604201653530826,18.286801624298096,0.0858041109625726,manhattan,7,uniform,0.9,"{'knn__metric': 'manhattan', 'knn__n_neighbors': 7, 'knn__weights': 'uniform', 'pca__n_components': 0.9}",0.9694166666666667,0.9705,0.9694166666666667,0.9653333333333334,0.9659166666666666,0.9681166666666667,0.0020807317089054232,37
0.23150477409362794,0.0030872081414380645,36.25521287918091,0.13214226401115142,manhattan,7,uniform,0.95,"{'knn__metric': 'manhattan', 'knn__n_neighbors': 7, 'knn__weights': 'uniform', 'pca__n_components': 0.95}",0.9636666666666667,0.9645833333333333,0.9624166666666667,0.9583333333333334,0.95875,0.9615500000000001,0.0025541904566591905,48
0.249617862701416,0.0032490838266288594,100.65302958488465,0.3389126520784306,manhattan,7,uniform,0.99,"{'knn__metric': 'manhattan', 'knn__n_neighbors': 7, 'knn__weights': 'uniform', 'pca__n_components': 0.99}",0.9515833333333333,0.9518333333333333,0.9515,0.9479166666666666,0.9485833333333333,0.9502833333333334,0.0016771337984125788,59
0.22647981643676757,0.0026084289762608455,18.938751554489137,0.09874178774235735,manhattan,7,distance,0.9,"{'knn__metric': 'manhattan', 'knn__n_neighbors': 7, 'knn__weights': 'distance', 'pca__n_components': 0.9}",0.9705,0.9726666666666667,0.9706666666666667,0.96675,0.9671666666666666,0.9695499999999999,0.002253145948816176,31
0.24118194580078126,0.0013400155041361978,37.07668342590332,0.05873728243235326,manhattan,7,distance,0.95,"{'knn__metric': 'manhattan', 'knn__n_neighbors': 7, 'knn__weights': 'distance', 'pca__n_components': 0.95}",0.9650833333333333,0.9665,0.96475,0.9601666666666666,0.9609166666666666,0.9634833333333332,0.0024840602962801963,46
0.2579367637634277,0.006458235333220532,102.34408454895019,0.38284500751040795,manhattan,7,distance,0.99,"{'knn__metric': 'manhattan', 'knn__n_neighbors': 7, 'knn__weights': 'distance', 'pca__n_components': 0.99}",0.9544166666666667,0.9536666666666667,0.954,0.9496666666666667,0.9501666666666667,0.9523833333333334,0.0020341528403189707,57
0.23162765502929689,0.004573130088968626,19.407212591171266,0.024719990403895376,manhattan,9,uniform,0.9,"{'knn__metric': 'manhattan', 'knn__n_neighbors': 9, 'knn__weights': 'uniform', 'pca__n_components': 0.9}",0.9673333333333334,0.9688333333333333,0.9683333333333334,0.9639166666666666,0.964,0.9664833333333334,0.0021176506899025014,40
0.24171094894409179,0.0031955604253036734,37.985410594940184,0.16610568056573405,manhattan,9,uniform,0.95,"{'knn__metric': 'manhattan', 'knn__n_neighbors': 9, 'knn__weights': 'uniform', 'pca__n_components': 0.95}",0.96075,0.9615833333333333,0.9600833333333333,0.95675,0.9573333333333334,0.9593,0.0019131126469708927,50
0.2592750072479248,0.0045187391452537065,93.93459601402283,2.4746124648387644,manhattan,9,uniform,0.99,"{'knn__metric': 'manhattan', 'knn__n_neighbors': 9, 'knn__weights': 'uniform', 'pca__n_components': 0.99}",0.9491666666666667,0.9493333333333334,0.9498333333333333,0.9469166666666666,0.9461666666666667,0.9482833333333334,0.0014583095236151557,60
0.23551616668701172,0.005207819500572531,19.88280920982361,0.010463968373031212,manhattan,9,distance,0.9,"{'knn__metric': 'manhattan', 'knn__n_neighbors': 9, 'knn__weights': 'distance', 'pca__n_components': 0.9}",0.969,0.9704166666666667,0.9699166666666666,0.9656666666666667,0.9653333333333334,0.9680666666666667,0.0021469616774512775,38
0.2457334041595459,0.00200849026854987,37.59290080070495,0.549144816751685,manhattan,9,distance,0.95,"{'knn__metric': 'manhattan', 'knn__n_neighbors': 9, 'knn__weights': 'distance', 'pca__n_components': 0.95}",0.9625,0.9631666666666666,0.9625833333333333,0.9579166666666666,0.95925,0.9610833333333334,0.002096955465006875,49
0.2635443687438965,0.006601994584223923,78.09600639343262,3.184937162009466,manhattan,9,distance,0.99,"{'knn__metric': 'manhattan', 'knn__n_neighbors': 9, 'knn__weights': 'distance', 'pca__n_components': 0.99}",0.95225,0.9523333333333334,0.9516666666666667,0.9484166666666667,0.9496666666666667,0.9508666666666666,0.001558667522098433,58
